,col1,col2,col3
"2185",
"2188",
"2130",
"2201",
"2280",
"2220",
"2100",
"2110",
"2232",
"2282",
"2016",
"2013",
"2150",
"2060",
"2070",
"2164",
"2122",
"2020",
"2261",
"2170",
"2240",
"2090",
"2068",
"2050",
"2270",
"2180",
"2290",
"1069",
"1067",
"1061",
"1045",
"1031",
"1039",
"1097",
"1003",
"1053",
"1035",
"1129",
"1023",
"1025",
"1099",
"1131",
"1013",
"1041",
"1109",
"1011",
"1087",
"1085",
"1101",
"1051",
"1001",
"1047",
"1091",
"1119",
"1105",
"1021",
"1037",
"1123",
"1027",
"1121",
"1117",
"1007",
"1065",
"1063",
"1107",
"1125",
"1073",
"1127",
"1075",
"1057",
"1059",
"1093",
"1133",
"1043",
"1009",
"1115",
"1015",
"1055",
"1095",
"1103",
"1079",
"1033",
"1077",
"1083",
"1089",
"1071",
"1049",
"1019",
"1029",
"1111",
"1017",
"1081",
"1113",
"1005",
"5017",
"5003",
"5115",
"5101",
"5087",
"5047",
"5071",
"5083",
"5149",
"5105",
"5029",
"5045",
"5141",
"5129",
"5137",
"5023",
"5145",
"5063",
"5067",
"5147",
"5123",
"5035",
"5037",
"5111",
"5093",
"5031",
"5065",
"5075",
"5135",
"5055",
"5021",
"5121",
"5049",
"5005",
"5089",
"5009",
"5015",
"5007",
"5143",
"5033",
"5131",
"5127",
"5097",
"5051",
"5125",
"5119",
"5085",
"5117",
"5095",
"5077",
"5107",
"5069",
"5053",
"5059",
"5039",
"5025",
"5079",
"5001",
"5041",
"5043",
"5011",
"5013",
"5103",
"5099",
"5057",
"5019",
"5109",
"5061",
"5113",
"5133",
"5081",
"5091",
"5073",
"5027",
"5139",
"4015",
"4012",
"4003",
"4023",
"4019",
"4011",
"4009",
"4001",
"4017",
"4007",
"4021",
"4027",
"4013",
"4005",
"4025",
"6015",
"6093",
"6025",
"6065",
"6073",
"6059",
"6037",
"6111",
"6083",
"6079",
"6029",
"6071",
"6027",
"6107",
"6031",
"6039",
"6019",
"6053",
"6069",
"6047",
"6087",
"6081",
"6001",
"6085",
"6099",
"6043",
"6109",
"6051",
"6003",
"6009",
"6005",
"6077",
"6013",
"6017",
"6067",
"6095",
"6075",
"6041",
"6055",
"6097",
"6113",
"6061",
"6057",
"6091",
"6115",
"6101",
"6011",
"6033",
"6007",
"6021",
"6063",
"6103",
"6045",
"6023",
"6105",
"6089",
"6035",
"6049",
"8083",
"8067",
"8099",
"8011",
"8061",
"8017",
"8063",
"8125",
"8121",
"8095",
"8115",
"8075",
"8087",
"8009",
"8089",
"8025",
"8073",
"8039",
"8005",
"8123",
"8001",
"8031",
"8035",
"8041",
"8119",
"8101",
"8071",
"8055",
"8023",
"8021",
"8003",
"8105",
"8027",
"8043",
"8109",
"8015",
"8051",
"8097",
"8065",
"8093",
"8059",
"8047",
"8019",
"8117",
"8037",
"8013",
"8049",
"8069",
"8057",
"8107",
"8081",
"8103",
"8045",
"8029",
"8077",
"8085",
"8111",
"8033",
"8113",
"8091",
"8053",
"8079",
"8007",
"8014",
"9003",
"9005",
"9001",
"9009",
"9007",
"9011",
"9013",
"9015",
"10003",
"10005",
"10001",
"12005",
"12063",
"12015",
"12071",
"12051",
"12021",
"12087",
"12086",
"12011",
"12099",
"12115",
"12027",
"12043",
"12085",
"12111",
"12061",
"12093",
"12055",
"12049",
"12081",
"12103",
"12057",
"12053",
"12101",
"12097",
"12105",
"12095",
"12117",
"12069",
"12119",
"12017",
"12075",
"12083",
"12127",
"12009",
"12133",
"12059",
"12131",
"12091",
"12113",
"12033",
"12013",
"12045",
"12037",
"12029",
"12041",
"12001",
"12107",
"12035",
"12109",
"12019",
"12007",
"12125",
"12121",
"12067",
"12123",
"12129",
"12077",
"12039",
"12073",
"12065",
"12079",
"12047",
"12023",
"12003",
"12031",
"12089",
"13241",
"13281",
"13205",
"13007",
"13201",
"13099",
"13253",
"13087",
"13131",
"13275",
"13027",
"13071",
"13075",
"13173",
"13185",
"13101",
"13065",
"13003",
"13019",
"13155",
"13277",
"13321",
"13095",
"13037",
"13061",
"13239",
"13243",
"13273",
"13177",
"13081",
"13287",
"13017",
"13069",
"13005",
"13305",
"13229",
"13025",
"13299",
"13049",
"13039",
"13127",
"13191",
"13149",
"13143",
"13233",
"13115",
"13055",
"13313",
"13047",
"13295",
"13083",
"13183",
"13001",
"13161",
"13259",
"13307",
"13261",
"13315",
"13271",
"13309",
"13091",
"13235",
"13093",
"13193",
"13249",
"13197",
"13053",
"13215",
"13269",
"13263",
"13145",
"13285",
"13045",
"13223",
"13213",
"13129",
"13015",
"13067",
"13097",
"13077",
"13199",
"13231",
"13293",
"13079",
"13225",
"13153",
"13023",
"13175",
"13319",
"13289",
"13021",
"13009",
"13169",
"13207",
"13171",
"13255",
"13113",
"13063",
"13035",
"13151",
"13089",
"13121",
"13057",
"13227",
"13085",
"13117",
"13135",
"13247",
"13159",
"13217",
"13297",
"13013",
"13157",
"13059",
"13219",
"13211",
"13237",
"13141",
"13265",
"13133",
"13221",
"13317",
"13301",
"13189",
"13125",
"13163",
"13303",
"13167",
"13283",
"13209",
"13279",
"13179",
"13109",
"13267",
"13043",
"13107",
"13051",
"13029",
"13031",
"13165",
"13103",
"13251",
"13033",
"13245",
"13073",
"13181",
"13105",
"13195",
"13011",
"13139",
"13187",
"13123",
"13111",
"13291",
"13311",
"13137",
"13147",
"13119",
"13257",
"15007",
"15003",
"15009",
"15001",
"15005",
"19163",
"19045",
"19119",
"19167",
"19149",
"19035",
"19141",
"19143",
"19059",
"19041",
"19021",
"19151",
"19147",
"19063",
"19109",
"19091",
"19193",
"19093",
"19161",
"19025",
"19187",
"19073",
"19027",
"19047",
"19133",
"19085",
"19165",
"19009",
"19077",
"19001",
"19029",
"19155",
"19071",
"19129",
"19137",
"19145",
"19173",
"19003",
"19175",
"19159",
"19053",
"19039",
"19121",
"19049",
"19015",
"19079",
"19197",
"19081",
"19189",
"19195",
"19033",
"19069",
"19083",
"19169",
"19153",
"19181",
"19117",
"19185",
"19007",
"19135",
"19125",
"19099",
"19127",
"19075",
"19023",
"19067",
"19131",
"19089",
"19037",
"19017",
"19013",
"19171",
"19157",
"19123",
"19179",
"19051",
"19177",
"19101",
"19011",
"19095",
"19107",
"19183",
"19087",
"19111",
"19057",
"19115",
"19139",
"19103",
"19113",
"19031",
"19105",
"19019",
"19065",
"19191",
"19005",
"19043",
"19055",
"19061",
"19097",
"16043",
"16033",
"16009",
"16055",
"16017",
"16021",
"16057",
"16069",
"16061",
"16003",
"16087",
"16075",
"16015",
"16045",
"16027",
"16001",
"16039",
"16073",
"16025",
"16047",
"16053",
"16083",
"16031",
"16071",
"16077",
"16005",
"16041",
"16007",
"16029",
"16067",
"16063",
"16019",
"16011",
"16013",
"16085",
"16079",
"16035",
"16049",
"16037",
"16059",
"16023",
"16051",
"16065",
"16081",
"17183",
"17075",
"17003",
"17153",
"17127",
"17069",
"17151",
"17087",
"17181",
"17059",
"17165",
"17199",
"17077",
"17133",
"17157",
"17145",
"17055",
"17065",
"17193",
"17081",
"17189",
"17027",
"17163",
"17119",
"17005",
"17121",
"17191",
"17185",
"17047",
"17101",
"17159",
"17025",
"17079",
"17033",
"17023",
"17035",
"17049",
"17051",
"17173",
"17135",
"17083",
"17117",
"17013",
"17061",
"17021",
"17029",
"17045",
"17041",
"17139",
"17115",
"17167",
"17137",
"17171",
"17149",
"17009",
"17001",
"17067",
"17109",
"17169",
"17017",
"17129",
"17125",
"17107",
"17039",
"17147",
"17019",
"17053",
"17113",
"17179",
"17203",
"17143",
"17057",
"17187",
"17071",
"17131",
"17095",
"17175",
"17123",
"17155",
"17105",
"17091",
"17063",
"17197",
"17093",
"17099",
"17011",
"17073",
"17161",
"17103",
"17195",
"17015",
"17141",
"17037",
"17089",
"17043",
"17031",
"17097",
"17111",
"17007",
"17201",
"17177",
"17085",
"18127",
"18089",
"18123",
"18147",
"18173",
"18163",
"18129",
"18051",
"18125",
"18037",
"18025",
"18061",
"18043",
"18019",
"18115",
"18155",
"18077",
"18143",
"18175",
"18117",
"18101",
"18027",
"18083",
"18153",
"18055",
"18093",
"18071",
"18079",
"18137",
"18029",
"18047",
"18031",
"18005",
"18013",
"18105",
"18119",
"18021",
"18167",
"18165",
"18121",
"18133",
"18109",
"18081",
"18145",
"18139",
"18041",
"18161",
"18177",
"18065",
"18059",
"18097",
"18063",
"18011",
"18057",
"18135",
"18035",
"18095",
"18159",
"18023",
"18107",
"18045",
"18075",
"18009",
"18053",
"18067",
"18015",
"18157",
"18171",
"18007",
"18001",
"18179",
"18069",
"18169",
"18103",
"18017",
"18181",
"18003",
"18183",
"18049",
"18131",
"18033",
"18113",
"18085",
"18099",
"18149",
"18073",
"18111",
"18151",
"18087",
"18039",
"18141",
"18091",
"20043",
"20013",
"20187",
"20129",
"20189",
"20067",
"20081",
"20175",
"20119",
"20069",
"20057",
"20025",
"20033",
"20097",
"20047",
"20151",
"20007",
"20077",
"20095",
"20155",
"20079",
"20173",
"20191",
"20035",
"20015",
"20019",
"20049",
"20073",
"20125",
"20205",
"20207",
"20099",
"20133",
"20001",
"20021",
"20037",
"20011",
"20075",
"20071",
"20199",
"20181",
"20023",
"20185",
"20093",
"20055",
"20083",
"20145",
"20031",
"20003",
"20107",
"20121",
"20059",
"20139",
"20111",
"20017",
"20127",
"20115",
"20113",
"20159",
"20169",
"20053",
"20009",
"20165",
"20135",
"20101",
"20171",
"20203",
"20109",
"20063",
"20195",
"20051",
"20167",
"20105",
"20143",
"20041",
"20061",
"20197",
"20177",
"20045",
"20091",
"20209",
"20103",
"20087",
"20005",
"20085",
"20149",
"20161",
"20027",
"20029",
"20123",
"20141",
"20163",
"20065",
"20179",
"20193",
"20153",
"20039",
"20147",
"20137",
"20183",
"20089",
"20157",
"20201",
"20117",
"20131",
"21105",
"21075",
"21013",
"21121",
"21235",
"21125",
"21051",
"21131",
"21095",
"21133",
"21119",
"21193",
"21189",
"21109",
"21065",
"21129",
"21025",
"21071",
"21115",
"21153",
"21237",
"21197",
"21049",
"21173",
"21165",
"21175",
"21063",
"21205",
"21011",
"21181",
"21069",
"21201",
"21023",
"21161",
"21135",
"21019",
"21089",
"21043",
"21127",
"21159",
"21195",
"21097",
"21017",
"21151",
"21203",
"21147",
"21137",
"21079",
"21113",
"21067",
"21239",
"21209",
"21073",
"21005",
"21167",
"21021",
"21045",
"21199",
"21231",
"21207",
"21053",
"21057",
"21001",
"21217",
"21155",
"21229",
"21215",
"21211",
"21103",
"21187",
"21081",
"21191",
"21037",
"21117",
"21015",
"21077",
"21041",
"21223",
"21185",
"21111",
"21029",
"21179",
"21123",
"21087",
"21169",
"21171",
"21213",
"21003",
"21009",
"21099",
"21093",
"21163",
"21091",
"21027",
"21085",
"21061",
"21227",
"21031",
"21141",
"21219",
"21177",
"21183",
"21059",
"21149",
"21107",
"21047",
"21221",
"21143",
"21033",
"21233",
"21101",
"21225",
"21055",
"21139",
"21035",
"21157",
"21083",
"21145",
"21039",
"21007",
"22103",
"22117",
"22081",
"22013",
"22061",
"22049",
"22127",
"22021",
"22073",
"22083",
"22041",
"22107",
"22065",
"22035",
"22123",
"22067",
"22111",
"22027",
"22119",
"22015",
"22017",
"22031",
"22085",
"22069",
"22043",
"22059",
"22025",
"22029",
"22009",
"22079",
"22115",
"22039",
"22003",
"22011",
"22053",
"22019",
"22023",
"22001",
"22097",
"22077",
"22121",
"22055",
"22113",
"22045",
"22047",
"22007",
"22099",
"22101",
"22109",
"22057",
"22093",
"22005",
"22033",
"22037",
"22091",
"22063",
"22095",
"22089",
"22105",
"22071",
"22087",
"22075",
"22125",
"22051",
"25027",
"25017",
"25019",
"25001",
"25025",
"25005",
"25023",
"25021",
"25009",
"25013",
"25015",
"25003",
"25011",
"25007",
"24001",
"24023",
"24037",
"24017",
"24047",
"24045",
"24043",
"24009",
"24041",
"24011",
"24029",
"24510",
"24033",
"24003",
"24027",
"24031",
"24035",
"24015",
"24025",
"24005",
"24013",
"24021",
"24039",
"24019",
"23003",
"23021",
"23013",
"23015",
"23023",
"23005",
"23031",
"23001",
"23017",
"23011",
"23027",
"23009",
"23029",
"23019",
"23007",
"23025",
"26053",
"26131",
"26115",
"26091",
"26059",
"26023",
"26149",
"26027",
"26021",
"26163",
"26161",
"26075",
"26025",
"26077",
"26159",
"26005",
"26015",
"26045",
"26065",
"26093",
"26125",
"26099",
"26147",
"26087",
"26049",
"26155",
"26037",
"26067",
"26139",
"26121",
"26081",
"26117",
"26057",
"26145",
"26151",
"26157",
"26063",
"26017",
"26111",
"26073",
"26107",
"26123",
"26127",
"26011",
"26051",
"26035",
"26133",
"26085",
"26105",
"26069",
"26129",
"26143",
"26113",
"26165",
"26101",
"26001",
"26135",
"26039",
"26079",
"26055",
"26019",
"26089",
"26007",
"26119",
"26137",
"26009",
"26029",
"26141",
"26031",
"26047",
"26097",
"26033",
"26095",
"26153",
"26003",
"26041",
"26109",
"26043",
"26103",
"26071",
"26083",
"26061",
"26013",
"27055",
"27045",
"27071",
"27077",
"27135",
"27069",
"27125",
"27113",
"27089",
"27119",
"27107",
"27087",
"27029",
"27007",
"27031",
"27075",
"27061",
"27057",
"27021",
"27159",
"27005",
"27027",
"27167",
"27111",
"27137",
"27017",
"27115",
"27065",
"27001",
"27035",
"27097",
"27153",
"27041",
"27051",
"27155",
"27011",
"27151",
"27149",
"27121",
"27145",
"27009",
"27095",
"27059",
"27025",
"27123",
"27003",
"27141",
"27171",
"27093",
"27067",
"27023",
"27163",
"27037",
"27053",
"27139",
"27019",
"27085",
"27143",
"27129",
"27073",
"27173",
"27081",
"27083",
"27127",
"27015",
"27103",
"27079",
"27131",
"27049",
"27157",
"27169",
"27109",
"27039",
"27147",
"27161",
"27013",
"27165",
"27033",
"27101",
"27117",
"27133",
"27105",
"27063",
"27091",
"27043",
"27047",
"27099",
"29143",
"29155",
"29005",
"29087",
"29165",
"29021",
"29003",
"29147",
"29227",
"29075",
"29063",
"29049",
"29047",
"29025",
"29061",
"29081",
"29129",
"29079",
"29117",
"29033",
"29177",
"29107",
"29095",
"29101",
"29083",
"29037",
"29185",
"29013",
"29039",
"29217",
"29057",
"29011",
"29097",
"29145",
"29119",
"29109",
"29009",
"29167",
"29209",
"29077",
"29213",
"29043",
"29225",
"29059",
"29085",
"29015",
"29159",
"29195",
"29041",
"29115",
"29211",
"29171",
"29197",
"29001",
"29121",
"29175",
"29089",
"29053",
"29019",
"29051",
"29135",
"29141",
"29131",
"29029",
"29169",
"29105",
"29229",
"29067",
"29153",
"29091",
"29215",
"29161",
"29125",
"29151",
"29027",
"29137",
"29205",
"29103",
"29199",
"29045",
"29111",
"29127",
"29173",
"29007",
"29139",
"29163",
"29113",
"29219",
"29073",
"29055",
"29065",
"29203",
"29149",
"29181",
"29035",
"29179",
"29093",
"29221",
"29071",
"29510",
"29183",
"29189",
"29099",
"29187",
"29186",
"29123",
"29223",
"29023",
"29069",
"29207",
"29017",
"29157",
"29031",
"29201",
"29133",
"28047",
"28059",
"28043",
"28161",
"28025",
"28155",
"28017",
"28013",
"28115",
"28081",
"28145",
"28071",
"28137",
"28107",
"28119",
"28135",
"28083",
"28133",
"28053",
"28051",
"28015",
"28097",
"28019",
"28105",
"28087",
"28095",
"28057",
"28117",
"28141",
"28003",
"28139",
"28009",
"28093",
"28033",
"28143",
"28027",
"28011",
"28151",
"28125",
"28055",
"28163",
"28007",
"28159",
"28103",
"28069",
"28099",
"28079",
"28089",
"28121",
"28049",
"28149",
"28063",
"28021",
"28029",
"28127",
"28129",
"28123",
"28101",
"28075",
"28023",
"28061",
"28067",
"28031",
"28065",
"28077",
"28085",
"28037",
"28001",
"28157",
"28005",
"28113",
"28147",
"28091",
"28073",
"28035",
"28153",
"28041",
"28111",
"28131",
"28109",
"28045",
"28039",
"30091",
"30085",
"30031",
"30057",
"30007",
"30043",
"30093",
"30023",
"30001",
"30081",
"30039",
"30049",
"30077",
"30047",
"30063",
"30061",
"30089",
"30053",
"30029",
"30035",
"30051",
"30101",
"30073",
"30099",
"30013",
"30059",
"30067",
"30041",
"30015",
"30045",
"30107",
"30097",
"30009",
"30095",
"30037",
"30027",
"30005",
"30071",
"30069",
"30065",
"30111",
"30003",
"30103",
"30087",
"30033",
"30019",
"30105",
"30055",
"30079",
"30075",
"30017",
"30011",
"30025",
"30109",
"30021",
"30083",
"37043",
"37113",
"37175",
"37099",
"37087",
"37173",
"37075",
"37039",
"37121",
"37199",
"37115",
"37021",
"37089",
"37149",
"37161",
"37111",
"37011",
"37189",
"37003",
"37009",
"37005",
"37193",
"37027",
"37023",
"37045",
"37071",
"37109",
"37035",
"37097",
"37119",
"37159",
"37059",
"37197",
"37171",
"37169",
"37067",
"37057",
"37167",
"37025",
"37179",
"37007",
"37157",
"37081",
"37151",
"37123",
"37153",
"37165",
"37033",
"37001",
"37125",
"37093",
"37155",
"37047",
"37019",
"37129",
"37017",
"37051",
"37037",
"37085",
"37105",
"37135",
"37145",
"37063",
"37141",
"37163",
"37191",
"37101",
"37183",
"37077",
"37181",
"37185",
"37069",
"37127",
"37131",
"37083",
"37065",
"37195",
"37079",
"37107",
"37103",
"37061",
"37133",
"37031",
"37137",
"37049",
"37147",
"37117",
"37041",
"37091",
"37015",
"37073",
"37029",
"37139",
"37143",
"37013",
"37187",
"37177",
"37055",
"37053",
"37095",
"38017",
"38077",
"38013",
"38023",
"38105",
"38061",
"38053",
"38025",
"38089",
"38033",
"38007",
"38011",
"38087",
"38041",
"38001",
"38057",
"38037",
"38085",
"38059",
"38065",
"38075",
"38101",
"38055",
"38009",
"38049",
"38083",
"38015",
"38029",
"38051",
"38047",
"38043",
"38103",
"38069",
"38079",
"38095",
"38005",
"38027",
"38031",
"38093",
"38045",
"38021",
"38081",
"38073",
"38003",
"38039",
"38091",
"38063",
"38071",
"38019",
"38067",
"38099",
"38035",
"38097",
"31045",
"31165",
"31147",
"31133",
"31127",
"31097",
"31131",
"31025",
"31153",
"31055",
"31177",
"31021",
"31173",
"31043",
"31051",
"31179",
"31139",
"31027",
"31107",
"31053",
"31037",
"31039",
"31167",
"31119",
"31003",
"31011",
"31141",
"31155",
"31159",
"31023",
"31143",
"31185",
"31081",
"31125",
"31121",
"31079",
"31093",
"31163",
"31015",
"31089",
"31175",
"31077",
"31183",
"31071",
"31115",
"31149",
"31103",
"31017",
"31009",
"31041",
"31019",
"31047",
"31137",
"31099",
"31001",
"31035",
"31059",
"31151",
"31109",
"31067",
"31095",
"31169",
"31129",
"31181",
"31061",
"31083",
"31073",
"31065",
"31145",
"31087",
"31057",
"31063",
"31085",
"31029",
"31135",
"31111",
"31101",
"31113",
"31117",
"31005",
"31171",
"31091",
"31075",
"31049",
"31069",
"31033",
"31123",
"31105",
"31007",
"31157",
"31013",
"31031",
"31161",
"33007",
"33009",
"33017",
"33015",
"33005",
"33019",
"33011",
"33001",
"33013",
"33003",
"34025",
"34029",
"36085",
"34013",
"34039",
"34017",
"34003",
"34023",
"34035",
"34027",
"34031",
"34037",
"34041",
"34019",
"34021",
"34007",
"34015",
"34033",
"34011",
"34009",
"34001",
"34005",
"35025",
"35015",
"35028",
"35039",
"35045",
"35031",
"35001",
"35061",
"35006",
"35051",
"35053",
"35003",
"35017",
"35023",
"35029",
"35013",
"35055",
"35049",
"35035",
"35057",
"35027",
"35007",
"35033",
"35059",
"35021",
"35047",
"35037",
"35019",
"35011",
"35009",
"35041",
"35005",
"35043",
"32007",
"32033",
"32003",
"32017",
"32009",
"32023",
"32011",
"32015",
"32021",
"32005",
"32510",
"32019",
"32001",
"32027",
"32029",
"32031",
"32013",
"36019",
"36031",
"36073",
"36037",
"36121",
"36051",
"36093",
"36057",
"36035",
"36099",
"36069",
"36123",
"36097",
"36109",
"36011",
"36067",
"36023",
"36017",
"36053",
"36065",
"36049",
"36043",
"36077",
"36095",
"36001",
"36091",
"36113",
"36041",
"36033",
"36089",
"36045",
"36075",
"36117",
"36055",
"36063",
"36029",
"36013",
"36009",
"36003",
"36101",
"36015",
"36107",
"36007",
"36025",
"36105",
"36039",
"36061",
"36111",
"36005",
"36047",
"36087",
"36059",
"36071",
"36081",
"36103",
"36119",
"36079",
"36027",
"36021",
"36083",
"36115",
"39155",
"39007",
"39087",
"39145",
"39001",
"39131",
"39079",
"39053",
"39105",
"39163",
"39167",
"39009",
"39073",
"39141",
"39071",
"39015",
"39025",
"39061",
"39027",
"39165",
"39017",
"39135",
"39113",
"39057",
"39047",
"39129",
"39045",
"39127",
"39111",
"39121",
"39115",
"39119",
"39013",
"39067",
"39059",
"39031",
"39089",
"39041",
"39049",
"39097",
"39023",
"39021",
"39109",
"39149",
"39037",
"39107",
"39011",
"39091",
"39159",
"39101",
"39117",
"39083",
"39075",
"39157",
"39019",
"39081",
"39029",
"39151",
"39169",
"39005",
"39139",
"39033",
"39175",
"39065",
"39003",
"39063",
"39137",
"39161",
"39099",
"39133",
"39153",
"39103",
"39077",
"39147",
"39143",
"39173",
"39069",
"39125",
"39039",
"39055",
"39085",
"39035",
"39093",
"39043",
"39123",
"39095",
"39051",
"39171",
"40139",
"40025",
"40115",
"40035",
"40097",
"40041",
"40001",
"40021",
"40135",
"40061",
"40079",
"40077",
"40121",
"40029",
"40005",
"40127",
"40089",
"40023",
"40013",
"40095",
"40069",
"40123",
"40049",
"40099",
"40085",
"40019",
"40067",
"40137",
"40033",
"40031",
"40141",
"40065",
"40075",
"40055",
"40057",
"40101",
"40091",
"40063",
"40133",
"40125",
"40027",
"40087",
"40051",
"40015",
"40017",
"40109",
"40081",
"40107",
"40111",
"40145",
"40131",
"40105",
"40147",
"40143",
"40037",
"40119",
"40083",
"40073",
"40011",
"40149",
"40009",
"40039",
"40043",
"40129",
"40045",
"40153",
"40093",
"40047",
"40103",
"40117",
"40113",
"40071",
"40053",
"40003",
"40151",
"40059",
"40007",
"41007",
"41009",
"41015",
"41011",
"41033",
"41029",
"41019",
"41035",
"41037",
"41025",
"41045",
"41001",
"41063",
"41061",
"41023",
"41069",
"41013",
"41017",
"41031",
"41043",
"41039",
"41003",
"41041",
"41053",
"41071",
"41047",
"41005",
"41059",
"41049",
"41021",
"41055",
"41065",
"41027",
"41051",
"41067",
"41057",
"42101",
"42017",
"42059",
"42051",
"42125",
"42003",
"42007",
"42073",
"42019",
"42005",
"42031",
"42053",
"42121",
"42085",
"42039",
"42049",
"42129",
"42063",
"42065",
"42123",
"42083",
"42023",
"42047",
"42033",
"42013",
"42021",
"42111",
"42009",
"42057",
"42061",
"42055",
"42087",
"42105",
"42035",
"42027",
"42119",
"42093",
"42117",
"42081",
"42131",
"42113",
"42037",
"42097",
"42109",
"42067",
"42099",
"42041",
"42001",
"42133",
"42043",
"42075",
"42071",
"42011",
"42107",
"42025",
"42079",
"42069",
"42015",
"42115",
"42127",
"42103",
"42089",
"42095",
"42077",
"42045",
"42091",
"42029",
"44003",
"44007",
"44001",
"44005",
"44009",
"45077",
"45073",
"45013",
"45049",
"45053",
"45067",
"45033",
"45051",
"45019",
"45035",
"45015",
"45043",
"45027",
"45089",
"45041",
"45069",
"45031",
"45061",
"45055",
"45085",
"45017",
"45029",
"45005",
"45009",
"45075",
"45011",
"45003",
"45063",
"45079",
"45039",
"45071",
"45081",
"45037",
"45065",
"45047",
"45059",
"45001",
"45007",
"45087",
"45025",
"45057",
"45023",
"45091",
"45021",
"45083",
"45045",
"46105",
"46063",
"46033",
"46047",
"46113",
"46007",
"46095",
"46121",
"46123",
"46053",
"46015",
"46003",
"46035",
"46043",
"46023",
"46009",
"46135",
"46067",
"46061",
"46087",
"46125",
"46027",
"46127",
"46083",
"46099",
"46085",
"46075",
"46071",
"46117",
"46055",
"46103",
"46081",
"46019",
"46093",
"46137",
"46041",
"46129",
"46107",
"46119",
"46065",
"46017",
"46073",
"46111",
"46097",
"46079",
"46101",
"46011",
"46057",
"46077",
"46005",
"46069",
"46059",
"46045",
"46049",
"46115",
"46025",
"46029",
"46039",
"46051",
"46037",
"46109",
"46091",
"46013",
"46089",
"46021",
"46031",
"47163",
"47091",
"47109",
"47023",
"47069",
"47047",
"47075",
"47113",
"47033",
"47053",
"47017",
"47183",
"47131",
"47095",
"47045",
"47097",
"47167",
"47157",
"47077",
"47079",
"47005",
"47039",
"47071",
"47099",
"47181",
"47101",
"47135",
"47081",
"47085",
"47083",
"47161",
"47125",
"47147",
"47021",
"47043",
"47187",
"47119",
"47117",
"47055",
"47103",
"47127",
"47003",
"47149",
"47037",
"47165",
"47189",
"47015",
"47031",
"47051",
"47115",
"47153",
"47061",
"47175",
"47177",
"47185",
"47041",
"47141",
"47169",
"47111",
"47159",
"47087",
"47133",
"47027",
"47137",
"47007",
"47049",
"47035",
"47143",
"47121",
"47065",
"47011",
"47139",
"47123",
"47107",
"47145",
"47129",
"47151",
"47013",
"47001",
"47105",
"47009",
"47155",
"47093",
"47173",
"47025",
"47067",
"47057",
"47063",
"47089",
"47029",
"47171",
"47073",
"47059",
"47179",
"47019",
"48037",
"48387",
"48107",
"48303",
"48219",
"48079",
"48153",
"48189",
"48279",
"48017",
"48045",
"48437",
"48069",
"48369",
"48011",
"48381",
"48117",
"48065",
"48375",
"48359",
"48233",
"48341",
"48205",
"48195",
"48421",
"48111",
"48229",
"48141",
"48305",
"48445",
"48501",
"48115",
"48165",
"48317",
"48003",
"48329",
"48135",
"48103",
"48377",
"48109",
"48475",
"48495",
"48301",
"48389",
"48243",
"48043",
"48443",
"48371",
"48461",
"48383",
"48173",
"48227",
"48033",
"48169",
"48415",
"48335",
"48431",
"48235",
"48105",
"48465",
"48505",
"48247",
"48427",
"48489",
"48215",
"48047",
"48261",
"48273",
"48249",
"48355",
"48409",
"48057",
"48391",
"48025",
"48297",
"48311",
"48131",
"48479",
"48283",
"48127",
"48323",
"48271",
"48137",
"48385",
"48463",
"48507",
"48163",
"48175",
"48469",
"48123",
"48255",
"48493",
"48013",
"48325",
"48019",
"48265",
"48171",
"48031",
"48259",
"48029",
"48187",
"48091",
"48209",
"48055",
"48177",
"48285",
"48239",
"48321",
"48481",
"48089",
"48021",
"48149",
"48287",
"48015",
"48477",
"48473",
"48157",
"48039",
"48167",
"48339",
"48201",
"48071",
"48199",
"48291",
"48245",
"48361",
"48453",
"48263",
"48267",
"48435",
"48413",
"48327",
"48319",
"48299",
"48053",
"48491",
"48051",
"48407",
"48471",
"48185",
"48041",
"48313",
"48289",
"48395",
"48331",
"48027",
"48099",
"48281",
"48333",
"48411",
"48307",
"48095",
"48451",
"48081",
"48399",
"48083",
"48049",
"48093",
"48193",
"48035",
"48145",
"48309",
"48217",
"48293",
"48161",
"48349",
"48425",
"48139",
"48251",
"48221",
"48143",
"48133",
"48059",
"48441",
"48353",
"48151",
"48253",
"48417",
"48429",
"48363",
"48367",
"48439",
"48113",
"48397",
"48257",
"48379",
"48467",
"48213",
"48001",
"48225",
"48455",
"48373",
"48351",
"48241",
"48457",
"48005",
"48403",
"48405",
"48419",
"48347",
"48073",
"48365",
"48401",
"48183",
"48423",
"48499",
"48203",
"48459",
"48063",
"48315",
"48067",
"48343",
"48449",
"48159",
"48223",
"48119",
"48231",
"48085",
"48121",
"48497",
"48237",
"48503",
"48447",
"48207",
"48433",
"48125",
"48345",
"48191",
"48129",
"48179",
"48393",
"48357",
"48295",
"48211",
"48483",
"48087",
"48075",
"48101",
"48269",
"48275",
"48155",
"48197",
"48009",
"48023",
"48487",
"48485",
"48077",
"48337",
"48097",
"48147",
"48181",
"48277",
"48007",
"48061",
"49037",
"49017",
"49029",
"49011",
"49057",
"49033",
"49005",
"49003",
"49009",
"49035",
"49043",
"49051",
"49049",
"49045",
"49023",
"49027",
"49041",
"49039",
"49007",
"49013",
"49047",
"49019",
"49015",
"49055",
"49031",
"49001",
"49021",
"49053",
"49025",
"51001",
"51131",
"51027",
"51185",
"51173",
"51520",
"51191",
"51167",
"51720",
"51195",
"51051",
"51169",
"51105",
"51021",
"51077",
"51640",
"51197",
"51071",
"51750",
"51155",
"51610",
"51013",
"51035",
"51089",
"51141",
"51063",
"51121",
"51775",
"51067",
"51161",
"51019",
"51005",
"51045",
"51023",
"51009",
"51163",
"51017",
"51091",
"51079",
"51165",
"51015",
"51125",
"51029",
"51011",
"51031",
"51083",
"51143",
"51690",
"51590",
"51680",
"51515",
"51770",
"51530",
"51580",
"51678",
"51820",
"51790",
"51540",
"51660",
"51003",
"51065",
"51049",
"51147",
"51037",
"51117",
"51570",
"51111",
"51670",
"51510",
"51139",
"51171",
"51043",
"51840",
"51069",
"51187",
"51157",
"51113",
"51137",
"51109",
"51075",
"51145",
"51007",
"51135",
"51025",
"51053",
"51595",
"51081",
"51735",
"51620",
"51175",
"51650",
"51830",
"51700",
"51740",
"51199",
"51095",
"51181",
"51183",
"51149",
"51730",
"51087",
"51041",
"51036",
"51127",
"51760",
"51630",
"51600",
"51683",
"51107",
"51061",
"51047",
"51177",
"51085",
"51101",
"51097",
"51119",
"51073",
"51103",
"51159",
"51057",
"51033",
"51059",
"51153",
"51179",
"51099",
"51193",
"51133",
"51115",
"51710",
"51093",
"51800",
"51550",
"51810",
"51685",
"50009",
"50019",
"50003",
"50013",
"50023",
"50005",
"50015",
"50011",
"50007",
"50001",
"50021",
"50025",
"50027",
"50017",
"53047",
"53073",
"53069",
"53003",
"53023",
"53013",
"53071",
"53021",
"53075",
"53063",
"53051",
"53065",
"53043",
"53001",
"53025",
"53005",
"53039",
"53011",
"53059",
"53015",
"53049",
"53041",
"53067",
"53053",
"53077",
"53037",
"53017",
"53019",
"53055",
"53029",
"53061",
"53033",
"53035",
"53045",
"53027",
"53031",
"53009",
"53057",
"53007",
"55029",
"55061",
"55093",
"55091",
"55011",
"55121",
"55053",
"55035",
"55019",
"55017",
"55033",
"55109",
"55095",
"55005",
"55107",
"55119",
"55099",
"55113",
"55129",
"55013",
"55031",
"55007",
"55003",
"55051",
"55125",
"55085",
"55069",
"55067",
"55073",
"55141",
"55001",
"55057",
"55081",
"55063",
"55123",
"55111",
"55103",
"55023",
"55049",
"55043",
"55065",
"55045",
"55077",
"55097",
"55135",
"55137",
"55047",
"55021",
"55025",
"55105",
"55059",
"55101",
"55127",
"55027",
"55055",
"55133",
"55079",
"55089",
"55131",
"55139",
"55039",
"55117",
"55015",
"55071",
"55009",
"55087",
"55115",
"55078",
"55083",
"55041",
"55037",
"55075",
"54003",
"54037",
"54011",
"54099",
"54059",
"54045",
"54109",
"54047",
"54055",
"54063",
"54089",
"54081",
"54005",
"54043",
"54079",
"54053",
"54035",
"54039",
"54019",
"54015",
"54087",
"54013",
"54105",
"54107",
"54073",
"54085",
"54021",
"54007",
"54067",
"54025",
"54101",
"54097",
"54041",
"54017",
"54095",
"54033",
"54029",
"54009",
"54069",
"54051",
"54103",
"54049",
"54001",
"54091",
"54061",
"54075",
"54077",
"54083",
"54071",
"54093",
"54023",
"54031",
"54057",
"54027",
"54065",
"56021",
"56015",
"56039",
"56023",
"56041",
"56035",
"56029",
"56037",
"56013",
"56017",
"56043",
"56003",
"56033",
"56019",
"56025",
"56007",
"56001",
"56045",
"56011",
"56005",
"56009",
"56027",
"56031",
"11001"